{
   "dashboards": [{
      "autoswitchEnabled": false,
      "columnCount": 1,
      "columnProportion": "1",
      "creationTime": 1588863035476,
      "dashboardNavigations": {},
      "description": "High level configuration information for all the available network components in the environment.",
      "disabled": false,
      "gridsterMaxColumns": 12,
      "hidden": true,
      "homeTab": false,
      "id": "8c392b33-5f26-4da5-97d6-f54d12a9ad83",
      "importAttempts": 0,
      "importComplete": true,
      "isDefault": false,
      "locked": false,
      "name": "Port Group to VM Mapping ",
      "namePath": "Configuration & Compliance",
      "rank": 139,
      "shared": false,
      "states": [],
      "temporary": false,
      "userId": "b59d581a-9b93-4155-b94f-708edbb02cb8",
      "widgetInteractions": [{
         "type": "resourceId",
         "widgetIdProvider": "e8766991-4e6d-4c3e-932e-52276effe6c4",
         "widgetIdReceiver": "6ad7cc04-7045-477d-9a9e-1f96f9f46559"
      }],
      "widgets": [
         {
            "collapsed": false,
            "config": {
               "chartViewItems": [],
               "isUpdatedView": true,
               "refreshContent": {"refreshContent": false},
               "refreshInterval": 300,
               "resource": {
                  "id": "Ext.vcops.chrome.model.Resource-4",
                  "resourceId": "resource:id:0_::_",
                  "resourceKindId": "002006VMWAREvSphere World",
                  "resourceName": "vSphere World",
                  "traversalSpecId": "vSphere Networking-VMWARE-vSphere World"
               },
               "selectFirstRow": {"selectFirstRow": false},
               "selfProvider": {"selfProvider": true},
               "title": "1. Select Distributed Port Group & VLAN",
               "traversalSpecId": null,
               "viewDefinitionId": "86156003-f934-4efd-8afa-59c800608f7c"
            },
            "gridsterCoords": {
               "h": 11,
               "w": 4,
               "x": 1,
               "y": 1
            },
            "height": 609,
            "id": "e8766991-4e6d-4c3e-932e-52276effe6c4",
            "states": [{
               "key": "perm_toolbarVisible_widget_8c392b33-5f26-4da5-97d6-f54d12a9ad83_e8766991-4e6d-4c3e-932e-52276effe6c4",
               "value": "b%3A1"
            }],
            "title": "1. Select Distributed Port Group & VLAN",
            "type": "View",
            "x": 3,
            "y": 1
         },
         {
            "collapsed": false,
            "config": {
               "chartViewItems": [],
               "isUpdatedView": true,
               "refreshContent": {"refreshContent": false},
               "refreshInterval": 300,
               "resource": null,
               "selectFirstRow": {"selectFirstRow": false},
               "selfProvider": {"selfProvider": false},
               "title": "2. VMs Using the Selected Port Group",
               "traversalSpecId": "",
               "viewDefinitionId": "f982ee15-5502-49e2-8efc-0a405b5bfa83"
            },
            "gridsterCoords": {
               "h": 11,
               "w": 8,
               "x": 5,
               "y": 1
            },
            "height": 609,
            "id": "6ad7cc04-7045-477d-9a9e-1f96f9f46559",
            "title": "2. VMs Using the Selected Port Group",
            "type": "View",
            "x": 4,
            "y": 1
         }
      ]
   }],
   "entries": {"resource": [{
      "adapterKindKey": "VMWARE",
      "identifiers": [],
      "internalId": "resource:id:0_::_",
      "name": "vSphere World",
      "resourceKindKey": "vSphere World"
   }]},
   "uuid": "99590ce0-87cd-449b-bb50-bbea0fcd502e"
}